group,link
1,https://bit.ly/3MIUWwc
2,https://bit.ly/3lENzdo
3,https://bit.ly/3GgJRQr
4,https://bit.ly/38DSQPz
5,https://bit.ly/3LHNSyC
6,https://bit.ly/3wCrYsf
7,https://bit.ly/39R9E5P
8,https://bit.ly/3z2k7FM
9,https://bit.ly/3Nw4YAF
10,https://bit.ly/3yV8VLh
11,https://bit.ly/3wNvr5V
12,https://bit.ly/3GftbbX
13,https://bit.ly/3Gcxd4S
14,https://bit.ly/3LA5Y5y
15,https://bit.ly/3sTnL14
